time,AirPassengers
1949.0,112
1949.08333333,118
1949.16666667,132
1949.25,129
1949.33333333,121
1949.41666667,135
1949.5,148
1949.58333333,148
1949.66666667,136