time,differenced_passengers
1949.08333333,6
1949.16666667,14
1949.25,-3
1949.33333333,-8
1949.41666667,14
1949.5,13
1949.58333333,0
1949.66666667,-12
