TV,Radio,Newspaper,Sales
230.100000,37.800000,69.200000,22.100000
44.500000,39.300000,45.100000,10.400000
17.200000,45.900000,69.300000,9.300000
151.500000,41.300000,58.500000,18.500000
180.800000,10.800000,58.400000,12.900000
8.700000,48.900000,75.000000,7.200000
57.500000,32.800000,23.500000,11.800000
120.200000,19.600000,11.600000,13.200000
