FICO.Range,Interest.Rate
0.500000,1.000000
0.394700,0.000000
0.263200,0.000000
0.289500,1.000000
0.289500,1.000000
0.157900,0.000000
0.421100,1.000000
0.342100,0.000000
