age,sex,bmi,map,tc,ldl,hdl,tch,ltg,glu,y
0.038076,0.050680,0.061696,0.021872,-0.044223,-0.034821,-0.043401,-0.002592,0.019908,-0.017646,151.000000
-0.001882,-0.044642,-0.051474,-0.026328,-0.008449,-0.019163,0.074412,-0.039493,-0.068330,-0.092204,75.000000
0.085299,0.050680,0.044451,-0.005671,-0.045599,-0.034194,-0.032356,-0.002592,0.002864,-0.025930,141.000000
-0.089063,-0.044642,-0.011595,-0.036656,0.012191,0.024991,-0.036038,0.034309,0.022692,-0.009362,206.000000
